{
  "best_model_label": "Stacking",
  "test_metrics": {
    "accuracy": 0.9164444444444444,
    "f1": 0.831390134529148,
    "roc_auc": 0.9350055942615219,
    "model": "Stacking"
  },
  "search_summary": null,
  "random_state": 42
}