value,count,share
 q     ,2,0.2857142857142857
 u     ,2,0.2857142857142857
 w     ,1,0.14285714285714285
 e     ,1,0.14285714285714285
 t     ,1,0.14285714285714285
