{
  "faithfulness": {
    "count": 100,
    "mean": 0.9220418470418471,
    "median": 1.0,
    "std": 0.15137345559604654,
    "min": 0.16666666666666666,
    "max": 1.0,
    "below_05": 1,
    "below_07": 11,
    "above_09": 74
  },
  "answer_relevancy": {
    "count": 100,
    "mean": 0.97310101010101,
    "median": 1.0,
    "std": 0.08229892985085126,
    "min": 0.4444444444444444,
    "max": 1.0,
    "below_05": 1,
    "below_07": 2,
    "above_09": 88
  },
  "contextual_relevancy": {
    "count": 100,
    "mean": 0.47378319311407546,
    "median": 0.4444444444444444,
    "std": 0.2978086557867429,
    "min": 0.0,
    "max": 1.0,
    "below_05": 55,
    "below_07": 76,
    "above_09": 13
  }
}