{
  "num_questions": 100,
  "average_faithfulness": 0.9220418470418471,
  "average_answer_relevancy": 0.97310101010101,
  "average_contextual_relevancy": 0.47378319311407546
}