experiment_id,dataset,seed,model_summary,optimizer,lr,momentum,weight_decay,epochs_trained,best_val_accuracy,best_val_loss
E1,EMNIST,42,"hidden=(256, 128), dropout=0.0, batchnorm=False",Adam,0.001,0,0,20,0.8362252124645893,0.5178608164064608
E2,EMNIST,42,"hidden=(256, 128), dropout=0.3, batchnorm=False",Adam,0.001,0,0,20,0.8235658640226629,0.5394855412646664
E3,EMNIST,42,"hidden=(256, 128), dropout=0.0, batchnorm=True",Adam,0.001,0,0,20,0.8524699008498584,0.4506630293877199
E4,EMNIST,42,"hidden=(256, 128), dropout=0.0, batchnorm=True",Adam,0.001,0,0,8,0.8486632436260623,0.4576894595332591
O1,EMNIST,42,"hidden=(256, 128), dropout=0.0, batchnorm=True",Adam,0.1,0,0,6,0.7839500708215298,0.6891250617527759
O2,EMNIST,42,"hidden=(256, 128), dropout=0.0, batchnorm=True",Adam,1e-05,0,0,6,0.6813916430594901,1.5113497253180226
O3,EMNIST,42,"hidden=(256, 128), dropout=0.0, batchnorm=True",SGD,0.001,0.9,0.0001,12,0.8428204674220963,0.4804089450549134
